<Mapping>
  <EventInputs>
    <Event Name="REQ" Map="REQ_1">Ball1;Ball2;Ball3;Ball4;Ball5;Ball6;Ball7</Event>
  </EventInputs>
  <EventOutputs>
    <Event Name="CNF" Map="IND_1">text</Event>
  </EventOutputs>
  <Inputs>
    <Input Name="Ball1" Type="INT" Map="SD_1" />
    <Input Name="Ball2" Type="INT" Map="SD_2" />
    <Input Name="Ball3" Type="INT" Map="SD_3" />
    <Input Name="Ball4" Type="INT" Map="SD_4" />
    <Input Name="Ball5" Type="INT" Map="SD_5" />
    <Input Name="Ball6" Type="INT" Map="SD_6" />
    <Input Name="Ball7" Type="INT" Map="SD_7" />
  </Inputs>
  <Outputs>
    <Output Name="text" Type="INT" Map="RD_1" />
  </Outputs>
</Mapping>